{"cameraMode":{"drawMode":0,"name":"Shaded","section":"Shading Mode"},"sceneLighting":true,"audioPlay":false,"sceneViewState":{"m_AlwaysRefresh":false,"showFog":true,"showSkybox":true,"showFlares":true,"showImageEffects":true,"showParticleSystems":true,"showVisualEffectGraphs":true,"m_FxEnabled":true},"in2DMode":false,"pivot":{"x":4.070955276489258,"y":-0.41391706466674807,"z":-0.023547649383544923},"rotation":{"x":-0.354574590921402,"y":0.3353636860847473,"z":-0.13797619938850404,"w":-0.8618413209915161},"size":2.084951162338257,"orthographic":false}